{
  "JEPA": {
    "blur_curve_mean": [
      1.0,
      0.9993569112072388,
      0.9992781498779854,
      0.9992438193100194,
      0.9992950724748274
    ],
    "noise_curve_mean": [
      1.0,
      0.998950375088801,
      0.9958214523891608,
      0.9835574124008417,
      0.9640142161709567
    ],
    "blur_slope": -7.614734737825427e-05,
    "noise_slope": -0.12171099933892171,
    "semantic_margin": 0.010966099364062232,
    "cohens_d": 1.1319418876018947,
    "p_value": 8.511027493110754e-212
  },
  "CLIP": {
    "blur_curve_mean": [
      1.0000000048118334,
      0.9194784181502959,
      0.9176424869025747,
      0.9136953617756566,
      0.9195458868828913
    ],
    "noise_curve_mean": [
      1.0000000048118334,
      0.7435485914659997,
      0.6861122517536083,
      0.5878614371952912,
      0.4869891717874755
    ],
    "blur_slope": -0.008334564611626254,
    "noise_slope": -1.484979235998026,
    "semantic_margin": 0.2331701403018086,
    "cohens_d": 1.6932801241326856,
    "p_value": 0.0
  },
  "DINO": {
    "blur_curve_mean": [
      1.000000001086543,
      0.9258474743304154,
      0.926348773490948,
      0.9326077836255232,
      0.9306910440015296
    ],
    "noise_curve_mean": [
      1.000000001086543,
      0.894942375831306,
      0.8448167476647844,
      0.7601136534746425,
      0.6477246822178131
    ],
    "blur_slope": -0.006592880243746059,
    "noise_slope": -1.096874843404235,
    "semantic_margin": 0.11357952325197418,
    "cohens_d": 0.9344586440880982,
    "p_value": 6.732523859529406e-176
  },
  "ResNet": {
    "blur_curve_mean": [
      0.9999999961194893,
      0.8986423826621225,
      0.9011266575350115,
      0.8958333974393705,
      0.9073132481426001
    ],
    "noise_curve_mean": [
      0.9999999961194893,
      0.9166676446329802,
      0.8182151671110963,
      0.6352614311132735,
      0.47271269549188827
    ],
    "blur_slope": -0.009409124058826525,
    "noise_slope": -1.7767311666888783,
    "semantic_margin": 0.1520117494859733,
    "cohens_d": 0.8993398468324018,
    "p_value": 1.5344967421132454e-170
  }
}