{
  "JEPA": {
    "Gaussian": {
      "curve": [
        1.0,
        0.9725998866558075,
        0.9726050332188606,
        0.9725879463553428,
        0.9726073092222214,
        0.9726194962859154
      ],
      "slope": -0.003911352506705696,
      "curvature": 0.006853075101971612,
      "aurc": 4.8767099235951905
    },
    "Blur": {
      "curve": [
        1.0,
        0.998416388630867,
        0.998416388630867,
        0.998416388630867,
        0.998416388630867,
        0.998416388630867
      ],
      "slope": -0.00022623019559042667,
      "curvature": 0.0003959028422832467,
      "aurc": 4.9928737488389014
    },
    "JPEG": {
      "curve": [
        1.0,
        0.9996094363927841,
        0.9996094363927841,
        0.9996094363927841,
        0.9996094363927841,
        0.9996094363927841
      ],
      "slope": -5.5794801030842725e-05,
      "curvature": 9.764090180397478e-05,
      "aurc": 4.998242463767529
    },
    "Occlusion": {
      "curve": [
        1.0,
        0.9893582314252853,
        0.9893793326616287,
        0.9899704852700233,
        0.9898196649551392,
        0.9899324864149094
      ],
      "slope": -0.0013817747064999132,
      "curvature": 0.002688647508621217,
      "aurc": 4.953493957519531
    },
    "MotionBlur": {
      "curve": [
        1.0,
        0.9974431923031807,
        0.9974431923031807,
        0.9974431923031807,
        0.9974431923031807,
        0.9974431923031807
      ],
      "slope": -0.00036525824240275984,
      "curvature": 0.0006392019242048297,
      "aurc": 4.988494365364313
    }
  },
  "ResNet": {
    "Gaussian": {
      "curve": [
        1.0000000026822091,
        0.5141714587435127,
        0.51338607031852,
        0.5117701266147197,
        0.51771166164428,
        0.5123462035879492
      ],
      "slope": -0.0694075522992228,
      "curvature": 0.12011577147059144,
      "aurc": 2.8132124204561113
    },
    "Blur": {
      "curve": [
        1.0000000026822091,
        0.7152063518762588,
        0.7152063518762588,
        0.7152063518762588,
        0.7152063518762588,
        0.7152063518762588
      ],
      "slope": -0.040684807257992894,
      "curvature": 0.07119841270148758,
      "aurc": 3.7184285847842693
    },
    "JPEG": {
      "curve": [
        1.0000000026822091,
        0.9637635892629624,
        0.9637635892629624,
        0.9637635892629624,
        0.9637635892629624,
        0.9637635892629624
      ],
      "slope": -0.005176630488463825,
      "curvature": 0.009059103354811693,
      "aurc": 4.836936153024435
    },
    "Occlusion": {
      "curve": [
        1.0000000026822091,
        0.8741079024970532,
        0.8770273068547249,
        0.8668174141645432,
        0.8721425449848175,
        0.8720957443118096
      ],
      "slope": -0.01873220734511104,
      "curvature": 0.03146132487803702,
      "aurc": 4.426143041998148
    },
    "MotionBlur": {
      "curve": [
        1.0000000026822091,
        0.5857167770341039,
        0.5857167770341039,
        0.5857167770341039,
        0.5857167770341039,
        0.5857167770341039
      ],
      "slope": -0.05918331794972932,
      "curvature": 0.10357080641202632,
      "aurc": 3.135725497994572
    }
  },
  "DINO": {
    "Gaussian": {
      "curve": [
        0.9999999937415123,
        0.5595325284637511,
        0.5510608088504523,
        0.5518095532152801,
        0.5490137565135956,
        0.5580604206118732
      ],
      "slope": -0.06401444106096668,
      "curvature": 0.11237853234400969,
      "aurc": 2.9904468542197717
    },
    "Blur": {
      "curve": [
        0.9999999937415123,
        0.8009773325920105,
        0.8009773325920105,
        0.8009773325920105,
        0.8009773325920105,
        0.8009773325920105
      ],
      "slope": -0.028431808735643105,
      "curvature": 0.049755665287375433,
      "aurc": 4.104397993534803
    },
    "JPEG": {
      "curve": [
        0.9999999937415123,
        0.9309265899658203,
        0.9309265899658203,
        0.9309265899658203,
        0.9309265899658203,
        0.9309265899658203
      ],
      "slope": -0.009867629110813134,
      "curvature": 0.017268350943922983,
      "aurc": 4.689169651716948
    },
    "Occlusion": {
      "curve": [
        0.9999999937415123,
        0.9385505759716034,
        0.9408754178881645,
        0.9362259823083877,
        0.9394933861494065,
        0.9344873502850533
      ],
      "slope": -0.009410977780818935,
      "curvature": 0.014110845476388911,
      "aurc": 4.722389034330845
    },
    "MotionBlur": {
      "curve": [
        0.9999999937415123,
        0.6601666005700827,
        0.6601666005700827,
        0.6601666005700827,
        0.6601666005700827,
        0.6601666005700827
      ],
      "slope": -0.04854762759591851,
      "curvature": 0.0849583482928574,
      "aurc": 3.4707496994361287
    }
  },
  "CLIP": {
    "Gaussian": {
      "curve": [
        1.0000000056624412,
        0.6893628956377507,
        0.6929510672390461,
        0.6910427741706371,
        0.6905411763489246,
        0.6913869297504425
      ],
      "slope": -0.04404110944271088,
      "curvature": 0.07787071585655209,
      "aurc": 3.6095913811028
    },
    "Blur": {
      "curve": [
        1.0000000056624412,
        0.7980090910196305,
        0.7980090910196305,
        0.7980090910196305,
        0.7980090910196305,
        0.7980090910196305
      ],
      "slope": -0.028855844948972958,
      "curvature": 0.05049772866070268,
      "aurc": 4.091040912419558
    },
    "JPEG": {
      "curve": [
        1.0000000056624412,
        0.9390531727671623,
        0.9390531727671623,
        0.9390531727671623,
        0.9390531727671623,
        0.9390531727671623
      ],
      "slope": -0.008706690413611273,
      "curvature": 0.015236708223819728,
      "aurc": 4.725739280283451
    },
    "Occlusion": {
      "curve": [
        1.0000000056624412,
        0.8709186342358589,
        0.8796908932924271,
        0.8693287196755409,
        0.8754824611544609,
        0.8763951408863068
      ],
      "slope": -0.017562714764050063,
      "curvature": 0.032498512789607026,
      "aurc": 4.433618281632662
    },
    "MotionBlur": {
      "curve": [
        1.0000000056624412,
        0.8172328728437424,
        0.8172328728437424,
        0.8172328728437424,
        0.8172328728437424,
        0.8172328728437424
      ],
      "slope": -0.02610959040267126,
      "curvature": 0.04569178320467471,
      "aurc": 4.177547930628061
    }
  }
}