{
  "JEPA": {
    "1.0": {
      "knn_overlap": 1.0,
      "variance": 0.058588676154613495,
      "collapse": 266.18450927734375,
      "drift": 0.0
    },
    "0.5": {
      "knn_overlap": 0.6375000000000001,
      "variance": 0.06152487173676491,
      "collapse": 265.76910400390625,
      "drift": 0.0
    },
    "0.25": {
      "knn_overlap": 0.43333333333333335,
      "variance": 0.06045203283429146,
      "collapse": 265.92095947265625,
      "drift": 0.0
    },
    "0.1": {
      "knn_overlap": 0.28947368421052627,
      "variance": 0.05848010629415512,
      "collapse": 266.1998291015625,
      "drift": 0.0
    },
    "0.05": {
      "knn_overlap": 0.2526315789473685,
      "variance": 0.0505855530500412,
      "collapse": 267.31353759765625,
      "drift": 0.0
    }
  },
  "ResNet": {
    "1.0": {
      "knn_overlap": 1.0,
      "variance": 3.3109169006347656,
      "collapse": 37.95907211303711,
      "drift": 0.0
    },
    "0.5": {
      "knn_overlap": 0.6093749999999999,
      "variance": 3.392253875732422,
      "collapse": 37.34039306640625,
      "drift": 0.0
    },
    "0.25": {
      "knn_overlap": 0.40208333333333335,
      "variance": 3.3804702758789062,
      "collapse": 37.324867248535156,
      "drift": 0.0
    },
    "0.1": {
      "knn_overlap": 0.24736842105263146,
      "variance": 3.2748661041259766,
      "collapse": 38.06740951538086,
      "drift": 0.0
    },
    "0.05": {
      "knn_overlap": 0.2210526315789474,
      "variance": 3.3698437213897705,
      "collapse": 41.310665130615234,
      "drift": 0.0
    }
  },
  "DINO": {
    "1.0": {
      "knn_overlap": 1.0,
      "variance": 0.7113754749298096,
      "collapse": 10.712706565856934,
      "drift": 0.0
    },
    "0.5": {
      "knn_overlap": 0.603125,
      "variance": 0.7218073606491089,
      "collapse": 10.612329483032227,
      "drift": 0.0
    },
    "0.25": {
      "knn_overlap": 0.3666666666666667,
      "variance": 0.727104902267456,
      "collapse": 10.516050338745117,
      "drift": 0.0
    },
    "0.1": {
      "knn_overlap": 0.24210526315789468,
      "variance": 0.6467390060424805,
      "collapse": 10.868622779846191,
      "drift": 0.0
    },
    "0.05": {
      "knn_overlap": 0.2210526315789474,
      "variance": 0.6245683431625366,
      "collapse": 11.444716453552246,
      "drift": 0.0
    }
  },
  "CLIP": {
    "1.0": {
      "knn_overlap": 1.0,
      "variance": 0.10574939846992493,
      "collapse": 8.371871948242188,
      "drift": 0.0
    },
    "0.5": {
      "knn_overlap": 0.6041666666666666,
      "variance": 0.10582594573497772,
      "collapse": 8.335274696350098,
      "drift": 0.0
    },
    "0.25": {
      "knn_overlap": 0.3666666666666667,
      "variance": 0.1047138050198555,
      "collapse": 8.377734184265137,
      "drift": 0.0
    },
    "0.1": {
      "knn_overlap": 0.26842105263157895,
      "variance": 0.10279256105422974,
      "collapse": 8.442310333251953,
      "drift": 0.0
    },
    "0.05": {
      "knn_overlap": 0.23157894736842108,
      "variance": 0.10116028785705566,
      "collapse": 8.257434844970703,
      "drift": 0.0
    }
  }
}