{
  "JEPA": {
    "compactness": [
      83.8582763671875,
      84.10272979736328,
      86.13875579833984,
      85.97230529785156,
      86.06463623046875
    ],
    "margin": [
      46.92827224731445,
      42.284996032714844,
      46.079139709472656,
      45.2724609375,
      45.3427734375
    ],
    "intrinsic_dim": [
      28.0,
      66.0,
      118.0,
      169.0,
      217.0
    ],
    "neighbor_stability": [
      1.0,
      0.4052631578947368,
      0.5479166666666667,
      0.6510416666666666,
      0.7868055555555554
    ]
  },
  "ResNet": {
    "compactness": [
      77.79612731933594,
      79.47622680664062,
      79.47297668457031,
      80.05596923828125,
      79.71421813964844
    ],
    "margin": [
      39.683753967285156,
      40.443504333496094,
      40.8001594543457,
      41.19166946411133,
      41.11021423339844
    ],
    "intrinsic_dim": [
      24.0,
      46.0,
      64.0,
      73.0,
      78.0
    ],
    "neighbor_stability": [
      1.0,
      0.4105263157894737,
      0.4312500000000001,
      0.7104166666666667,
      0.7374999999999999
    ]
  },
  "DINO": {
    "compactness": [
      37.225372314453125,
      37.69320297241211,
      36.98468780517578,
      36.95581817626953,
      37.08346176147461
    ],
    "margin": [
      16.289470672607422,
      16.90610122680664,
      16.769628524780273,
      16.599075317382812,
      16.43655014038086
    ],
    "intrinsic_dim": [
      28.0,
      62.0,
      103.0,
      134.0,
      155.0
    ],
    "neighbor_stability": [
      1.0,
      0.3842105263157895,
      0.44375000000000003,
      0.6875,
      0.7493055555555554
    ]
  },
  "CLIP": {
    "compactness": [
      10.178650856018066,
      10.290843963623047,
      10.31090259552002,
      10.328364372253418,
      10.334004402160645
    ],
    "margin": [
      2.608579635620117,
      2.409059524536133,
      2.371896743774414,
      2.399041175842285,
      2.4573707580566406
    ],
    "intrinsic_dim": [
      30.0,
      66.0,
      107.0,
      135.0,
      154.0
    ],
    "neighbor_stability": [
      1.0,
      0.3578947368421053,
      0.4770833333333333,
      0.640625,
      0.7347222222222222
    ]
  }
}